{"loss": [1.0121173858642578, 0.43703851103782654, 0.24540682137012482, 0.15552100539207458, 0.11900190263986588, 0.0933084711432457, 0.06071579083800316, 0.06201012432575226, 0.04056691750884056, 0.05946183577179909], "accuracy": [0.5948565006256104, 0.8372495770454407, 0.913589596748352, 0.9439631700515747, 0.9588521718978882, 0.9687060117721558, 0.9789388179779053, 0.9792636632919312, 0.9871683716773987, 0.9805089235305786], "val_loss": [0.6153826713562012, 0.2965987026691437, 0.1459350287914276, 0.1415618360042572, 0.17143668234348297, 0.08769594132900238, 0.08029934763908386, 0.08085829764604568, 0.06410612910985947, 0.06099151074886322], "val_accuracy": [0.7763093709945679, 0.8839941024780273, 0.9569261074066162, 0.9505628943443298, 0.9412628412246704, 0.9725893139839172, 0.9740577340126038, 0.9730787873268127, 0.9877631068229675, 0.9858052134513855]}