{"loss": [2.243952512741089, 1.5428087711334229, 1.185699462890625, 1.1157642602920532, 1.1297136545181274, 0.9490405321121216, 0.9032520651817322, 0.806402862071991, 0.7474809288978577, 0.7633160352706909], "accuracy": [0.18687589466571808, 0.34807416796684265, 0.48074179887771606, 0.52781742811203, 0.5135520696640015, 0.5877318382263184, 0.6390870213508606, 0.651925802230835, 0.6932953000068665, 0.676176905632019], "val_loss": [1.8155386447906494, 1.1272075176239014, 1.012494444847107, 0.9215410351753235, 0.8967511057853699, 0.9178465604782104, 0.8212921023368835, 0.7981379628181458, 0.7453809380531311, 0.6974433064460754], "val_accuracy": [0.22499999403953552, 0.48750001192092896, 0.5249999761581421, 0.6000000238418579, 0.5874999761581421, 0.637499988079071, 0.625, 0.6625000238418579, 0.6000000238418579, 0.6625000238418579]}